Gene Symbol,Description,Category,Uniprot ID,Gifts,GC Id,Relevance score, GeneCards Link
ATM,ATM Serine/Threonine Kinase,Protein Coding,Q13315,66,GC11P108222,314.5493469,https://www.genecards.org/cgi-bin/carddisp.pl?gene=ATM
BRIP1,BRCA1 Interacting DNA Helicase 1,Protein Coding,Q9BX63,61,GC17M061679,272.8379211,https://www.genecards.org/cgi-bin/carddisp.pl?gene=BRIP1
BRCA2,BRCA2 DNA Repair Associated,Protein Coding,P51587,60,GC13P032315,267.6502991,https://www.genecards.org/cgi-bin/carddisp.pl?gene=BRCA2
CHEK2,Checkpoint Kinase 2,Protein Coding,O96017,67,GC22M028687,259.8551636,https://www.genecards.org/cgi-bin/carddisp.pl?gene=CHEK2
BARD1,BRCA1 Associated RING Domain 1,Protein Coding,Q99728,60,GC02M214725,240.5419464,https://www.genecards.org/cgi-bin/carddisp.pl?gene=BARD1
CDH1,Cadherin 1,Protein Coding,P12830,61,GC16P068737,223.647171,https://www.genecards.org/cgi-bin/carddisp.pl?gene=CDH1
BRCA1,BRCA1 DNA Repair Associated,Protein Coding,P38398,63,GC17M043044,215.0495758,https://www.genecards.org/cgi-bin/carddisp.pl?gene=BRCA1
TP53,Tumor Protein P53,Protein Coding,P04637,66,GC17M007661,118.9788895,https://www.genecards.org/cgi-bin/carddisp.pl?gene=TP53
ESR1,Estrogen Receptor 1,Protein Coding,P03372,68,GC06P151656,96.78516388,https://www.genecards.org/cgi-bin/carddisp.pl?gene=ESR1
ERBB2,Erb-B2 Receptor Tyrosine Kinase 2,Protein Coding,P04626,68,GC17P039687,91.22184753,https://www.genecards.org/cgi-bin/carddisp.pl?gene=ERBB2
CTNNA1,Catenin Alpha 1,Protein Coding,P35221,60,GC05P138834,82.26300812,https://www.genecards.org/cgi-bin/carddisp.pl?gene=CTNNA1
MSH6,MutS Homolog 6,Protein Coding,P52701,61,GC02P047695,71.68507385,https://www.genecards.org/cgi-bin/carddisp.pl?gene=MSH6
MSH2,MutS Homolog 2,Protein Coding,P43246,61,GC02P047403,71.12486267,https://www.genecards.org/cgi-bin/carddisp.pl?gene=MSH2
PIK3CA,"Phosphatidylinositol-4,5-Bisphosphate 3-Kinase Catalytic Subunit Alpha",Protein Coding,P42336,65,GC03P179148,70.38579559,https://www.genecards.org/cgi-bin/carddisp.pl?gene=PIK3CA
RAD50,RAD50 Double Strand Break Repair Protein,Protein Coding,Q92878,62,GC05P132556,70.22901154,https://www.genecards.org/cgi-bin/carddisp.pl?gene=RAD50
PTEN,Phosphatase And Tensin Homolog,Protein Coding,P60484,65,GC10P128607,69.04969788,https://www.genecards.org/cgi-bin/carddisp.pl?gene=PTEN
NBN,Nibrin,Protein Coding,O60934,61,GC08M089933,67.85087585,https://www.genecards.org/cgi-bin/carddisp.pl?gene=NBN
MLH1,MutL Homolog 1,Protein Coding,P40692,62,GC03P036993,65.84195709,https://www.genecards.org/cgi-bin/carddisp.pl?gene=MLH1
AKT1,AKT Serine/Threonine Kinase 1,Protein Coding,P31749,66,GC14M104769,64.63873291,https://www.genecards.org/cgi-bin/carddisp.pl?gene=AKT1
EGFR,Epidermal Growth Factor Receptor,Protein Coding,P00533,68,GC07P055019,61.44247818,https://www.genecards.org/cgi-bin/carddisp.pl?gene=EGFR
RAD51,RAD51 Recombinase,Protein Coding,Q06609,65,GC15P040694,57.64472198,https://www.genecards.org/cgi-bin/carddisp.pl?gene=RAD51
PMS2,"PMS1 Homolog 2, Mismatch Repair System Component",Protein Coding,P54278,61,GC07M005973,57.64117432,https://www.genecards.org/cgi-bin/carddisp.pl?gene=PMS2
KRAS,"KRAS Proto-Oncogene, GTPase",Protein Coding,P01116,66,GC12M037206,55.89910507,https://www.genecards.org/cgi-bin/carddisp.pl?gene=KRAS
STK11,Serine/Threonine Kinase 11,Protein Coding,Q15831,62,GC19P001177,53.63373566,https://www.genecards.org/cgi-bin/carddisp.pl?gene=STK11
CCND1,Cyclin D1,Protein Coding,P24385,65,GC11P069641,51.05085754,https://www.genecards.org/cgi-bin/carddisp.pl?gene=CCND1
APC,APC Regulator Of Wnt Signaling Pathway,Protein Coding,P25054,62,GC05P112707,50.30143356,https://www.genecards.org/cgi-bin/carddisp.pl?gene=APC
PPM1D,"Protein Phosphatase, Mg2+/Mn2+ Dependent 1D",Protein Coding,O15297,60,GC17P060600,48.65737534,https://www.genecards.org/cgi-bin/carddisp.pl?gene=PPM1D
FGFR2,Fibroblast Growth Factor Receptor 2,Protein Coding,P21802,68,GC10M121478,48.13813019,https://www.genecards.org/cgi-bin/carddisp.pl?gene=FGFR2
FANCC,FA Complementation Group C,Protein Coding,Q00597,60,GC09M095099,48.00818253,https://www.genecards.org/cgi-bin/carddisp.pl?gene=FANCC
AR,Androgen Receptor,Protein Coding,P10275,65,GC0XP067544,47.81085205,https://www.genecards.org/cgi-bin/carddisp.pl?gene=AR
MYC,"MYC Proto-Oncogene, BHLH Transcription Factor",Protein Coding,P01106,65,GC08P127735,45.83614349,https://www.genecards.org/cgi-bin/carddisp.pl?gene=MYC
CTNNB1,Catenin Beta 1,Protein Coding,P35222,66,GC03P041194,43.8779068,https://www.genecards.org/cgi-bin/carddisp.pl?gene=CTNNB1
EPCAM,Epithelial Cell Adhesion Molecule,Protein Coding,P16422,61,GC02P047345,43.6693573,https://www.genecards.org/cgi-bin/carddisp.pl?gene=EPCAM
MRE11,"MRE11 Homolog, Double Strand Break Repair Nuclease",Protein Coding,P49959,61,GC11M143522,43.58614731,https://www.genecards.org/cgi-bin/carddisp.pl?gene=MRE11
CDKN2A,Cyclin Dependent Kinase Inhibitor 2A,Protein Coding,Q8N726,63,GC09M021967,41.87071991,https://www.genecards.org/cgi-bin/carddisp.pl?gene=CDKN2A
CASP8,Caspase 8,Protein Coding,Q14790,65,GC02P201233,41.35914993,https://www.genecards.org/cgi-bin/carddisp.pl?gene=CASP8
ABCC1,ATP Binding Cassette Subfamily C Member 1 (ABCC1 Blood Group),Protein Coding,P33527,61,GC16P015949,40.96289825,https://www.genecards.org/cgi-bin/carddisp.pl?gene=ABCC1
NF1,Neurofibromin 1,Protein Coding,P21359,60,GC17P031094,40.91881561,https://www.genecards.org/cgi-bin/carddisp.pl?gene=NF1
BLM,BLM RecQ Like Helicase,Protein Coding,P54132,62,GC15P090717,40.90802002,https://www.genecards.org/cgi-bin/carddisp.pl?gene=BLM
CYP19A1,Cytochrome P450 Family 19 Subfamily A Member 1,Protein Coding,P11511,60,GC15M051208,40.78826523,https://www.genecards.org/cgi-bin/carddisp.pl?gene=CYP19A1
SMAD4,SMAD Family Member 4,Protein Coding,Q13485,66,GC18P051028,40.14276123,https://www.genecards.org/cgi-bin/carddisp.pl?gene=SMAD4
AXIN2,Axin 2,Protein Coding,Q9Y2T1,62,GC17M065528,39.92106628,https://www.genecards.org/cgi-bin/carddisp.pl?gene=AXIN2
PGR,Progesterone Receptor,Protein Coding,P06401,62,GC11M143573,39.57007599,https://www.genecards.org/cgi-bin/carddisp.pl?gene=PGR
POLE,"DNA Polymerase Epsilon, Catalytic Subunit",Protein Coding,Q07864,60,GC12M132841,39.07386017,https://www.genecards.org/cgi-bin/carddisp.pl?gene=POLE
MDM2,MDM2 Proto-Oncogene,Protein Coding,Q00987,66,GC12P068808,39.05643463,https://www.genecards.org/cgi-bin/carddisp.pl?gene=MDM2
CYP17A1,Cytochrome P450 Family 17 Subfamily A Member 1,Protein Coding,P05093,62,GC10M102830,38.59761047,https://www.genecards.org/cgi-bin/carddisp.pl?gene=CYP17A1
RET,Ret Proto-Oncogene,Protein Coding,P07949,67,GC10P053525,38.44792938,https://www.genecards.org/cgi-bin/carddisp.pl?gene=RET
MTOR,Mechanistic Target Of Rapamycin Kinase,Protein Coding,P42345,68,GC01M011106,38.14962769,https://www.genecards.org/cgi-bin/carddisp.pl?gene=MTOR
CDK4,Cyclin Dependent Kinase 4,Protein Coding,P11802,66,GC12M060752,38.10454178,https://www.genecards.org/cgi-bin/carddisp.pl?gene=CDK4
GATA3,GATA Binding Protein 3,Protein Coding,P23771,63,GC10P008045,37.99615097,https://www.genecards.org/cgi-bin/carddisp.pl?gene=GATA3
BMPR1A,Bone Morphogenetic Protein Receptor Type 1A,Protein Coding,P36894,65,GC10P128546,37.6944313,https://www.genecards.org/cgi-bin/carddisp.pl?gene=BMPR1A
JUN,"Jun Proto-Oncogene, AP-1 Transcription Factor Subunit",Protein Coding,P05412,63,GC01M058780,37.3417778,https://www.genecards.org/cgi-bin/carddisp.pl?gene=JUN
ERBB3,Erb-B2 Receptor Tyrosine Kinase 3,Protein Coding,P21860,67,GC12P081625,37.13618088,https://www.genecards.org/cgi-bin/carddisp.pl?gene=ERBB3
SRC,"SRC Proto-Oncogene, Non-Receptor Tyrosine Kinase",Protein Coding,P12931,63,GC20P037344,36.85793304,https://www.genecards.org/cgi-bin/carddisp.pl?gene=SRC
RB1,RB Transcriptional Corepressor 1,Protein Coding,P06400,62,GC13P048303,36.77435684,https://www.genecards.org/cgi-bin/carddisp.pl?gene=RB1
IL6,Interleukin 6,Protein Coding,P05231,63,GC07P022725,36.45817566,https://www.genecards.org/cgi-bin/carddisp.pl?gene=IL6
TERT,Telomerase Reverse Transcriptase,Protein Coding,O14746,64,GC05M001253,36.13952637,https://www.genecards.org/cgi-bin/carddisp.pl?gene=TERT
HIF1A,Hypoxia Inducible Factor 1 Subunit Alpha,Protein Coding,Q16665,62,GC14P061695,35.57974243,https://www.genecards.org/cgi-bin/carddisp.pl?gene=HIF1A
ATR,ATR Checkpoint Kinase,Protein Coding,Q13535,66,GC03M142449,35.51368713,https://www.genecards.org/cgi-bin/carddisp.pl?gene=ATR
ERCC2,"ERCC Excision Repair 2, TFIIH Core Complex Helicase Subunit",Protein Coding,P18074,60,GC19M045349,34.5994072,https://www.genecards.org/cgi-bin/carddisp.pl?gene=ERCC2
KIT,"KIT Proto-Oncogene, Receptor Tyrosine Kinase",Protein Coding,P10721,66,GC04P054657,34.54215622,https://www.genecards.org/cgi-bin/carddisp.pl?gene=KIT
MET,"MET Proto-Oncogene, Receptor Tyrosine Kinase",Protein Coding,P08581,67,GC07P116672,34.36046982,https://www.genecards.org/cgi-bin/carddisp.pl?gene=MET
ERBB4,Erb-B2 Receptor Tyrosine Kinase 4,Protein Coding,Q15303,67,GC02M211375,34.11138535,https://www.genecards.org/cgi-bin/carddisp.pl?gene=ERBB4
EP300,EP300 Lysine Acetyltransferase,Protein Coding,Q09472,65,GC22P097487,33.81797409,https://www.genecards.org/cgi-bin/carddisp.pl?gene=EP300
SDHB,Succinate Dehydrogenase Complex Iron Sulfur Subunit B,Protein Coding,P21912,61,GC01M036334,33.5353508,https://www.genecards.org/cgi-bin/carddisp.pl?gene=SDHB
SMARCA4,SWI/SNF Related BAF Chromatin Remodeling Complex Subunit ATPase 4,Protein Coding,P51532,63,GC19P161376,33.37837601,https://www.genecards.org/cgi-bin/carddisp.pl?gene=SMARCA4
PIK3R1,Phosphoinositide-3-Kinase Regulatory Subunit 1,Protein Coding,P27986,65,GC05P068215,33.12214661,https://www.genecards.org/cgi-bin/carddisp.pl?gene=PIK3R1
DICER1,"Dicer 1, Ribonuclease III",Protein Coding,Q9UPY3,61,GC14M095086,33.12031937,https://www.genecards.org/cgi-bin/carddisp.pl?gene=DICER1
FGFR1,Fibroblast Growth Factor Receptor 1,Protein Coding,P11362,68,GC08M038400,32.51149368,https://www.genecards.org/cgi-bin/carddisp.pl?gene=FGFR1
SDHA,Succinate Dehydrogenase Complex Flavoprotein Subunit A,Protein Coding,P31040,61,GC05P000254,32.43504333,https://www.genecards.org/cgi-bin/carddisp.pl?gene=SDHA
CHEK1,Checkpoint Kinase 1,Protein Coding,O14757,66,GC11P125625,32.26845169,https://www.genecards.org/cgi-bin/carddisp.pl?gene=CHEK1
TGFBR2,Transforming Growth Factor Beta Receptor 2,Protein Coding,P37173,65,GC03P030610,32.24084473,https://www.genecards.org/cgi-bin/carddisp.pl?gene=TGFBR2
MAP3K1,Mitogen-Activated Protein Kinase Kinase Kinase 1,Protein Coding,Q13233,63,GC05P056815,31.86029625,https://www.genecards.org/cgi-bin/carddisp.pl?gene=MAP3K1
ABCG2,ATP Binding Cassette Subfamily G Member 2 (JR Blood Group),Protein Coding,Q9UNQ0,62,GC04M088090,31.83264923,https://www.genecards.org/cgi-bin/carddisp.pl?gene=ABCG2
TSC1,TSC Complex Subunit 1,Protein Coding,Q92574,61,GC09M132891,31.66843033,https://www.genecards.org/cgi-bin/carddisp.pl?gene=TSC1
FANCA,FA Complementation Group A,Protein Coding,O15360,62,GC16M090325,31.64533615,https://www.genecards.org/cgi-bin/carddisp.pl?gene=FANCA
CCNE1,Cyclin E1,Protein Coding,P24864,61,GC19P029811,31.49406052,https://www.genecards.org/cgi-bin/carddisp.pl?gene=CCNE1
STAT1,Signal Transducer And Activator Of Transcription 1,Protein Coding,P42224,65,GC02M190908,31.19845772,https://www.genecards.org/cgi-bin/carddisp.pl?gene=STAT1
PTCH1,Patched 1,Protein Coding,Q13635,64,GC09M095442,30.91120529,https://www.genecards.org/cgi-bin/carddisp.pl?gene=PTCH1
NCOA3,Nuclear Receptor Coactivator 3,Protein Coding,Q9Y6Q9,61,GC20P047501,30.36725235,https://www.genecards.org/cgi-bin/carddisp.pl?gene=NCOA3
HRAS,"HRas Proto-Oncogene, GTPase",Protein Coding,P01112,65,GC11M015781,30.36166,https://www.genecards.org/cgi-bin/carddisp.pl?gene=HRAS
PRKDC,"Protein Kinase, DNA-Activated, Catalytic Subunit",Protein Coding,P78527,63,GC08M047773,29.29686165,https://www.genecards.org/cgi-bin/carddisp.pl?gene=PRKDC
BRAF,"B-Raf Proto-Oncogene, Serine/Threonine Kinase",Protein Coding,P15056,67,GC07M140798,29.2226162,https://www.genecards.org/cgi-bin/carddisp.pl?gene=BRAF
VEGFA,Vascular Endothelial Growth Factor A,Protein Coding,P15692,61,GC06P043770,28.77539635,https://www.genecards.org/cgi-bin/carddisp.pl?gene=VEGFA
BCL2,BCL2 Apoptosis Regulator,Protein Coding,P10415,64,GC18M063123,28.30805206,https://www.genecards.org/cgi-bin/carddisp.pl?gene=BCL2
ESR2,Estrogen Receptor 2,Protein Coding,Q92731,61,GC14M064084,28.22857857,https://www.genecards.org/cgi-bin/carddisp.pl?gene=ESR2
IGF1,Insulin Like Growth Factor 1,Protein Coding,P05019,60,GC12M102395,28.08979797,https://www.genecards.org/cgi-bin/carddisp.pl?gene=IGF1
MAP2K1,Mitogen-Activated Protein Kinase Kinase 1,Protein Coding,Q02750,67,GC15P066386,28.06820107,https://www.genecards.org/cgi-bin/carddisp.pl?gene=MAP2K1
FGFR3,Fibroblast Growth Factor Receptor 3,Protein Coding,P22607,68,GC04P031618,27.88102531,https://www.genecards.org/cgi-bin/carddisp.pl?gene=FGFR3
CREBBP,CREB Binding Lysine Acetyltransferase ,Protein Coding,Q92793,68,GC16M052313,27.69967079,https://www.genecards.org/cgi-bin/carddisp.pl?gene=CREBBP
TGFB1,Transforming Growth Factor Beta 1,Protein Coding,P01137,65,GC19M041301,27.4408989,https://www.genecards.org/cgi-bin/carddisp.pl?gene=TGFB1
PTK6,Protein Tyrosine Kinase 6,Protein Coding,Q13882,60,GC20M063528,26.92867851,https://www.genecards.org/cgi-bin/carddisp.pl?gene=PTK6
WEE1,WEE1 G2 Checkpoint Kinase,Protein Coding,P30291,62,GC11P009573,26.47371483,https://www.genecards.org/cgi-bin/carddisp.pl?gene=WEE1
NRAS,"NRAS Proto-Oncogene, GTPase",Protein Coding,P01111,63,GC01M114704,26.15549278,https://www.genecards.org/cgi-bin/carddisp.pl?gene=NRAS
CDC25B,Cell Division Cycle 25B,Protein Coding,P30305,60,GC20P011668,25.86127853,https://www.genecards.org/cgi-bin/carddisp.pl?gene=CDC25B
IGF1R,Insulin Like Growth Factor 1 Receptor,Protein Coding,P08069,68,GC15P098648,25.65740585,https://www.genecards.org/cgi-bin/carddisp.pl?gene=IGF1R
NTRK2,Neurotrophic Receptor Tyrosine Kinase 2,Protein Coding,Q16620,66,GC09P084668,25.49998665,https://www.genecards.org/cgi-bin/carddisp.pl?gene=NTRK2
NTRK1,Neurotrophic Receptor Tyrosine Kinase 1,Protein Coding,P04629,62,GC01P156815,25.28857994,https://www.genecards.org/cgi-bin/carddisp.pl?gene=NTRK1
CTSD,Cathepsin D,Protein Coding,P07339,65,GC11M001752,25.18551445,https://www.genecards.org/cgi-bin/carddisp.pl?gene=CTSD
PDGFRA,Platelet Derived Growth Factor Receptor Alpha,Protein Coding,P16234,66,GC04P054229,25.15790558,https://www.genecards.org/cgi-bin/carddisp.pl?gene=PDGFRA
ABCA1,ATP Binding Cassette Subfamily A Member 1,Protein Coding,O95477,62,GC09M104781,24.85957909,https://www.genecards.org/cgi-bin/carddisp.pl?gene=ABCA1
NTRK3,Neurotrophic Receptor Tyrosine Kinase 3,Protein Coding,Q16288,66,GC15M087859,24.7036972,https://www.genecards.org/cgi-bin/carddisp.pl?gene=NTRK3
CDKN1A,Cyclin Dependent Kinase Inhibitor 1A,Protein Coding,P38936,63,GC06P190835,24.47933388,https://www.genecards.org/cgi-bin/carddisp.pl?gene=CDKN1A
MAP2K4,Mitogen-Activated Protein Kinase Kinase 4,Protein Coding,P45985,62,GC17P012020,24.28232384,https://www.genecards.org/cgi-bin/carddisp.pl?gene=MAP2K4
NEK2,NIMA Related Kinase 2,Protein Coding,P51955,62,GC01M211658,24.22875786,https://www.genecards.org/cgi-bin/carddisp.pl?gene=NEK2
PLAT,"Plasminogen Activator, Tissue Type",Protein Coding,P00750,62,GC08M042174,24.1830616,https://www.genecards.org/cgi-bin/carddisp.pl?gene=PLAT
EGF,Epidermal Growth Factor,Protein Coding,P01133,64,GC04P109912,23.79650116,https://www.genecards.org/cgi-bin/carddisp.pl?gene=EGF
STAT3,Signal Transducer And Activator Of Transcription 3,Protein Coding,P40763,66,GC17M042313,23.60026741,https://www.genecards.org/cgi-bin/carddisp.pl?gene=STAT3
TSC2,TSC Complex Subunit 2,Protein Coding,P49815,64,GC16P128054,23.42118073,https://www.genecards.org/cgi-bin/carddisp.pl?gene=TSC2
MUC1,"Mucin 1, Cell Surface Associated",Protein Coding,P15941,61,GC01M155185,23.26312256,https://www.genecards.org/cgi-bin/carddisp.pl?gene=MUC1
VRK1,VRK Serine/Threonine Kinase 1,Protein Coding,Q99986,60,GC14P096797,22.95808983,https://www.genecards.org/cgi-bin/carddisp.pl?gene=VRK1
NOTCH1,Notch Receptor 1,Protein Coding,P46531,66,GC09M139438,22.93794823,https://www.genecards.org/cgi-bin/carddisp.pl?gene=NOTCH1
EZH2,Enhancer Of Zeste 2 Polycomb Repressive Complex 2 Subunit,Protein Coding,Q15910,66,GC07M148807,22.82070732,https://www.genecards.org/cgi-bin/carddisp.pl?gene=EZH2
ITCH,Itchy E3 Ubiquitin Protein Ligase,Protein Coding,Q96J02,60,GC20P034363,22.76307297,https://www.genecards.org/cgi-bin/carddisp.pl?gene=ITCH
PAH,Phenylalanine Hydroxylase,Protein Coding,P00439,60,GC12M102836,22.75432396,https://www.genecards.org/cgi-bin/carddisp.pl?gene=PAH
PARP1,Poly(ADP-Ribose) Polymerase 1,Protein Coding,P09874,65,GC01M226360,22.59513092,https://www.genecards.org/cgi-bin/carddisp.pl?gene=PARP1
KDM6A,Lysine Demethylase 6A,Protein Coding,O15550,60,GC0XP044873,22.49063492,https://www.genecards.org/cgi-bin/carddisp.pl?gene=KDM6A
KMT2A,Lysine Methyltransferase 2A,Protein Coding,Q03164,60,GC11P118436,22.42267227,https://www.genecards.org/cgi-bin/carddisp.pl?gene=KMT2A
ABCB1,ATP Binding Cassette Subfamily B Member 1,Protein Coding,P08183,64,GC07M087504,22.04152489,https://www.genecards.org/cgi-bin/carddisp.pl?gene=ABCB1
NRG1,Neuregulin 1,Protein Coding,Q02297,60,GC08P031639,21.99197006,https://www.genecards.org/cgi-bin/carddisp.pl?gene=NRG1
SMO,"Smoothened, Frizzled Class Receptor",Protein Coding,Q99835,65,GC07P167853,21.48389053,https://www.genecards.org/cgi-bin/carddisp.pl?gene=SMO
NF2,"NF2, Moesin-Ezrin-Radixin Like (MERLIN) Tumor Suppressor",Protein Coding,P35240,62,GC22P029603,21.06258965,https://www.genecards.org/cgi-bin/carddisp.pl?gene=NF2
ABCC6,ATP Binding Cassette Subfamily C Member 6,Protein Coding,O95255,60,GC16M052674,21.02381134,https://www.genecards.org/cgi-bin/carddisp.pl?gene=ABCC6
MAPK1,Mitogen-Activated Protein Kinase 1,Protein Coding,P28482,66,GC22M021759,20.95448494,https://www.genecards.org/cgi-bin/carddisp.pl?gene=MAPK1
MTHFR,Methylenetetrahydrofolate Reductase,Protein Coding,P42898,61,GC01M011785,20.63396645,https://www.genecards.org/cgi-bin/carddisp.pl?gene=MTHFR
PTGS2,Prostaglandin-Endoperoxide Synthase 2,Protein Coding,P35354,63,GC01M186671,20.56801796,https://www.genecards.org/cgi-bin/carddisp.pl?gene=PTGS2
GSTP1,Glutathione S-Transferase Pi 1,Protein Coding,P09211,63,GC11P067583,20.53974152,https://www.genecards.org/cgi-bin/carddisp.pl?gene=GSTP1
WRN,WRN RecQ Like Helicase,Protein Coding,Q14191,60,GC08P031033,20.41551208,https://www.genecards.org/cgi-bin/carddisp.pl?gene=WRN
WT1,WT1 Transcription Factor,Protein Coding,P19544,60,GC11M032365,20.31781197,https://www.genecards.org/cgi-bin/carddisp.pl?gene=WT1
CYP1A1,Cytochrome P450 Family 1 Subfamily A Member 1,Protein Coding,P04798,60,GC15M074719,20.29718781,https://www.genecards.org/cgi-bin/carddisp.pl?gene=CYP1A1
MMP9,Matrix Metallopeptidase 9,Protein Coding,P14780,66,GC20P046008,20.25046349,https://www.genecards.org/cgi-bin/carddisp.pl?gene=MMP9
ACVR1B,Activin A Receptor Type 1B,Protein Coding,P36896,60,GC12P051951,20.15073395,https://www.genecards.org/cgi-bin/carddisp.pl?gene=ACVR1B
IRAK4,Interleukin 1 Receptor Associated Kinase 4,Protein Coding,Q9NWZ3,61,GC12P043758,20.13883781,https://www.genecards.org/cgi-bin/carddisp.pl?gene=IRAK4
CXCR4,C-X-C Motif Chemokine Receptor 4,Protein Coding,P61073,65,GC02M136114,19.95967102,https://www.genecards.org/cgi-bin/carddisp.pl?gene=CXCR4
CYP1B1,Cytochrome P450 Family 1 Subfamily B Member 1,Protein Coding,Q16678,60,GC02M038066,19.79025459,https://www.genecards.org/cgi-bin/carddisp.pl?gene=CYP1B1
VHL,Von Hippel-Lindau Tumor Suppressor,Protein Coding,P40337,60,GC03P028787,19.52464104,https://www.genecards.org/cgi-bin/carddisp.pl?gene=VHL
TGFBR1,Transforming Growth Factor Beta Receptor 1,Protein Coding,P36897,66,GC09P109923,19.36210823,https://www.genecards.org/cgi-bin/carddisp.pl?gene=TGFBR1
BAX,"BCL2 Associated X, Apoptosis Regulator",Protein Coding,Q07812,63,GC19P048954,19.29863548,https://www.genecards.org/cgi-bin/carddisp.pl?gene=BAX
CDK2,Cyclin Dependent Kinase 2,Protein Coding,P24941,63,GC12P055966,19.27322578,https://www.genecards.org/cgi-bin/carddisp.pl?gene=CDK2
CDK1,Cyclin Dependent Kinase 1,Protein Coding,P06493,60,GC10P060772,19.21611214,https://www.genecards.org/cgi-bin/carddisp.pl?gene=CDK1
CD44,CD44 Molecule (IN Blood Group),Protein Coding,P16070,62,GC11P035139,19.15896034,https://www.genecards.org/cgi-bin/carddisp.pl?gene=CD44
PLAU,"Plasminogen Activator, Urokinase",Protein Coding,P00749,64,GC10P073909,19.14362144,https://www.genecards.org/cgi-bin/carddisp.pl?gene=PLAU
SP1,Sp1 Transcription Factor,Protein Coding,P08047,60,GC12P053380,19.13040733,https://www.genecards.org/cgi-bin/carddisp.pl?gene=SP1
CASP3,Caspase 3,Protein Coding,P42574,62,GC04M184627,19.07885551,https://www.genecards.org/cgi-bin/carddisp.pl?gene=CASP3
CDKN1B,Cyclin Dependent Kinase Inhibitor 1B,Protein Coding,P46527,61,GC12P080490,19.04556465,https://www.genecards.org/cgi-bin/carddisp.pl?gene=CDKN1B
NFKB1,Nuclear Factor Kappa B Subunit 1,Protein Coding,P19838,66,GC04P102501,18.99386215,https://www.genecards.org/cgi-bin/carddisp.pl?gene=NFKB1
COMT,Catechol-O-Methyltransferase,Protein Coding,P21964,63,GC22P019941,18.95071983,https://www.genecards.org/cgi-bin/carddisp.pl?gene=COMT
ALK,ALK Receptor Tyrosine Kinase,Protein Coding,Q9UM73,64,GC02M029389,18.90990829,https://www.genecards.org/cgi-bin/carddisp.pl?gene=ALK
AHR,Aryl Hydrocarbon Receptor,Protein Coding,P35869,60,GC07P016916,18.85956573,https://www.genecards.org/cgi-bin/carddisp.pl?gene=AHR
TNF,Tumor Necrosis Factor,Protein Coding,P01375,63,GC06P190708,18.83343124,https://www.genecards.org/cgi-bin/carddisp.pl?gene=TNF
IGF2,Insulin Like Growth Factor 2,Protein Coding,P01344,61,GC11M015857,18.80803299,https://www.genecards.org/cgi-bin/carddisp.pl?gene=IGF2
CYP2D6,Cytochrome P450 Family 2 Subfamily D Member 6 (Gene/Pseudogene),Protein Coding,P10635,60,GC22M042126,18.77654266,https://www.genecards.org/cgi-bin/carddisp.pl?gene=CYP2D6
CDK6,Cyclin Dependent Kinase 6,Protein Coding,Q00534,65,GC07M092604,18.58333206,https://www.genecards.org/cgi-bin/carddisp.pl?gene=CDK6
MMP2,Matrix Metallopeptidase 2,Protein Coding,P08253,66,GC16P129449,18.55513954,https://www.genecards.org/cgi-bin/carddisp.pl?gene=MMP2
VDR,Vitamin D Receptor,Protein Coding,P11473,62,GC12M047841,18.54971886,https://www.genecards.org/cgi-bin/carddisp.pl?gene=VDR
AURKA,Aurora Kinase A,Protein Coding,O14965,65,GC20M056370,18.36178207,https://www.genecards.org/cgi-bin/carddisp.pl?gene=AURKA
RUNX1,RUNX Family Transcription Factor 1,Protein Coding,Q01196,62,GC21M034787,18.14413643,https://www.genecards.org/cgi-bin/carddisp.pl?gene=RUNX1
SOD2,Superoxide Dismutase 2,Protein Coding,P04179,60,GC06M159669,18.13684464,https://www.genecards.org/cgi-bin/carddisp.pl?gene=SOD2
BUB1B,BUB1 Mitotic Checkpoint Serine/Threonine Kinase B,Protein Coding,O60566,63,GC15P040161,17.96209526,https://www.genecards.org/cgi-bin/carddisp.pl?gene=BUB1B
TOP2A,DNA Topoisomerase II Alpha,Protein Coding,P11388,63,GC17M040388,17.9176712,https://www.genecards.org/cgi-bin/carddisp.pl?gene=TOP2A
PAK1,P21 (RAC1) Activated Kinase 1,Protein Coding,Q13153,63,GC11M143344,17.64193344,https://www.genecards.org/cgi-bin/carddisp.pl?gene=PAK1
PTK2,Protein Tyrosine Kinase 2,Protein Coding,Q05397,62,GC08M140657,17.6372776,https://www.genecards.org/cgi-bin/carddisp.pl?gene=PTK2
GSK3B,Glycogen Synthase Kinase 3 Beta,Protein Coding,P49841,64,GC03M119821,17.50729752,https://www.genecards.org/cgi-bin/carddisp.pl?gene=GSK3B
TYMS,Thymidylate Synthetase,Protein Coding,P04818,63,GC18P000657,17.29559326,https://www.genecards.org/cgi-bin/carddisp.pl?gene=TYMS
IRS1,Insulin Receptor Substrate 1,Protein Coding,P35568,60,GC02M226731,17.2548275,https://www.genecards.org/cgi-bin/carddisp.pl?gene=IRS1
PCNA,Proliferating Cell Nuclear Antigen,Protein Coding,P12004,63,GC20M005114,17.15340805,https://www.genecards.org/cgi-bin/carddisp.pl?gene=PCNA
MMP1,Matrix Metallopeptidase 1,Protein Coding,P03956,62,GC11M143594,17.12395477,https://www.genecards.org/cgi-bin/carddisp.pl?gene=MMP1
IL1B,Interleukin 1 Beta,Protein Coding,P01584,60,GC02M112829,17.11058044,https://www.genecards.org/cgi-bin/carddisp.pl?gene=IL1B
PRLR,Prolactin Receptor,Protein Coding,P16471,60,GC05M035048,16.99931717,https://www.genecards.org/cgi-bin/carddisp.pl?gene=PRLR
MAPK8,Mitogen-Activated Protein Kinase 8,Protein Coding,P45983,63,GC10P048306,16.93582344,https://www.genecards.org/cgi-bin/carddisp.pl?gene=MAPK8
SMAD3,SMAD Family Member 3,Protein Coding,P84022,66,GC15P067063,16.89930534,https://www.genecards.org/cgi-bin/carddisp.pl?gene=SMAD3
CAV1,Caveolin 1,Protein Coding,Q03135,61,GC07P116524,16.8962822,https://www.genecards.org/cgi-bin/carddisp.pl?gene=CAV1
SERPINE1,Serpin Family E Member 1,Protein Coding,P05121,63,GC07P101127,16.5326519,https://www.genecards.org/cgi-bin/carddisp.pl?gene=SERPINE1
MAPK3,Mitogen-Activated Protein Kinase 3,Protein Coding,P27361,62,GC16M053300,16.48573303,https://www.genecards.org/cgi-bin/carddisp.pl?gene=MAPK3
RAC1,Rac Family Small GTPase 1,Protein Coding,P63000,62,GC07P021715,16.47687531,https://www.genecards.org/cgi-bin/carddisp.pl?gene=RAC1
VEGFC,Vascular Endothelial Growth Factor C,Protein Coding,P49767,60,GC04M176683,16.20830154,https://www.genecards.org/cgi-bin/carddisp.pl?gene=VEGFC
PPARG,Peroxisome Proliferator Activated Receptor Gamma,Protein Coding,P37231,65,GC03P012287,16.15740776,https://www.genecards.org/cgi-bin/carddisp.pl?gene=PPARG
AKT2,AKT Serine/Threonine Kinase 2,Protein Coding,P31751,66,GC19M040230,16.15346909,https://www.genecards.org/cgi-bin/carddisp.pl?gene=AKT2
PIK3CG,"Phosphatidylinositol-4,5-Bisphosphate 3-Kinase Catalytic Subunit Gamma",Protein Coding,P48736,62,GC07P106865,16.10856247,https://www.genecards.org/cgi-bin/carddisp.pl?gene=PIK3CG
HDAC1,Histone Deacetylase 1,Protein Coding,Q13547,64,GC01P032292,16.05490112,https://www.genecards.org/cgi-bin/carddisp.pl?gene=HDAC1
TCF7L2,Transcription Factor 7 Like 2,Protein Coding,Q9NQB0,60,GC10P112950,16.03402519,https://www.genecards.org/cgi-bin/carddisp.pl?gene=TCF7L2
FOS,"Fos Proto-Oncogene, AP-1 Transcription Factor Subunit",Protein Coding,P01100,64,GC14P075278,16.00886345,https://www.genecards.org/cgi-bin/carddisp.pl?gene=FOS
ERCC3,"ERCC Excision Repair 3, TFIIH Core Complex Helicase Subunit",Protein Coding,P19447,60,GC02M127257,15.99577808,https://www.genecards.org/cgi-bin/carddisp.pl?gene=ERCC3
RPS6KB1,Ribosomal Protein S6 Kinase B1,Protein Coding,P23443,63,GC17P059893,15.85546017,https://www.genecards.org/cgi-bin/carddisp.pl?gene=RPS6KB1
MAPK14,Mitogen-Activated Protein Kinase 14,Protein Coding,Q16539,65,GC06P190827,15.85358429,https://www.genecards.org/cgi-bin/carddisp.pl?gene=MAPK14
CASP9,Caspase 9,Protein Coding,P55211,61,GC01M036228,15.79627323,https://www.genecards.org/cgi-bin/carddisp.pl?gene=CASP9
TNFSF11,TNF Superfamily Member 11,Protein Coding,O14788,62,GC13P042562,15.5946188,https://www.genecards.org/cgi-bin/carddisp.pl?gene=TNFSF11
LEPR,Leptin Receptor,Protein Coding,P48357,62,GC01P086456,15.50862885,https://www.genecards.org/cgi-bin/carddisp.pl?gene=LEPR
DNMT1,DNA Methyltransferase 1,Protein Coding,P26358,66,GC19M010133,15.44637775,https://www.genecards.org/cgi-bin/carddisp.pl?gene=DNMT1
LMNA,Lamin A/C,Protein Coding,P02545,63,GC01P156082,15.42699146,https://www.genecards.org/cgi-bin/carddisp.pl?gene=LMNA
GRB2,Growth Factor Receptor Bound Protein 2,Protein Coding,P62993,60,GC17M075318,15.36142921,https://www.genecards.org/cgi-bin/carddisp.pl?gene=GRB2
KDR,Kinase Insert Domain Receptor,Protein Coding,P35968,67,GC04M055078,15.30726528,https://www.genecards.org/cgi-bin/carddisp.pl?gene=KDR
RAF1,"Raf-1 Proto-Oncogene, Serine/Threonine Kinase",Protein Coding,P04049,67,GC03M012583,15.25849533,https://www.genecards.org/cgi-bin/carddisp.pl?gene=RAF1
NOS3,Nitric Oxide Synthase 3,Protein Coding,P29474,62,GC07P168341,15.1555109,https://www.genecards.org/cgi-bin/carddisp.pl?gene=NOS3
CCNB1,Cyclin B1,Protein Coding,P14635,60,GC05P069167,15.0271883,https://www.genecards.org/cgi-bin/carddisp.pl?gene=CCNB1
